Resort Name,User Rating,Beginner,Intermediate,Advanced,Expert,Open Acreage
"49 Degrees North Washington, USALast Updated: 04/04Compare",3.162 Reviews,30%,40%,25%,5%,N/A
"Afton Alps Minnesota, USALast Updated: 03/23Compare",3.150 Reviews,30%,49%,21%,0%,N/A
"Alpental Washington, USALast Updated: 05/03Compare",3.150 Reviews,14%,45%,41%,,N/A
"Alpine Valley Ohio, USALast Updated: 03/25Compare",3.122 Reviews,33%,50%,17%,0%,N/A
"Alpine Valley Resort Wisconsin, USALast Updated: 03/27Compare",3.074 Reviews,33%,38%,29%,0%,N/A
,,,,,,
"Alpine Valley Ski Area Michigan, USALast Updated: 03/15Compare",3.126 Reviews,34%,36%,30%,0%,N/A
"Alta Ski Area Utah, USALast Updated: 04/27Compare",3.8134 Reviews,15%,30%,55%,0%,N/A
"Alyeska Resort Alaska, USALast Updated: 04/05Compare",3.044 Reviews,11%,52%,37%,,N/A
"Andes Tower Hills Ski Area Minnesota, USALast Updated: 03/21Compare",2.614 Reviews,25%,6%,31%,38%,33ac
"Angel Fire Resort New Mexico, USALast Updated: 04/04Compare",3.3117 Reviews,22%,56%,22%,0%,N/A
,,,,,,
"Anthony Lakes Mountain Resort Oregon, USALast Updated: 04/04Compare",3.118 Reviews,20%,38%,42%,,N/A
"Appalachian Ski Mountain North Carolina, USALast Updated: 03/29Compare",3.244 Reviews,33%,33%,33%,0%,N/A
"Apple Mountain Michigan, USALast Updated: 12/18Compare",2.74 Reviews,40%,40%,20%,0%,N/A
"Arapahoe Basin Ski Area Colorado, USALast Updated: 05/10Compare",3.4141 Reviews,4%,24%,39%,33%,1096ac
"Arizona Snowbowl Arizona, USALast Updated: 05/04Compare",3.1133 Reviews,22%,44%,22%,13%,0ac
,,,,,,
"Aspen Snowmass Colorado, USALast Updated: 04/27Compare",4.358 Reviews,6%,43%,17%,34%,N/A
"Attitash New Hampshire, USALast Updated: 04/04Compare",3.254 Reviews,26%,46%,28%,0%,N/A
"Bear Creek Mountain Resort Pennsylvania, USALast Updated: 03/29Compare",3.165 Reviews,30%,40%,30%,0%,N/A
"Bear Mountain California, USALast Updated: 04/12Compare",3.248 Reviews,20%,33%,33%,13%,N/A
"Bear Valley California, USALast Updated: 04/21Compare",3.455 Reviews,11%,41%,45%,4%,N/A
,,,,,,
"Beaver Creek Colorado, USALast Updated: 04/14Compare",3.9102 Reviews,38%,30%,24%,8%,0ac
"Beaver Mountain Utah, USALast Updated: 04/30Compare",3.220 Reviews,35%,40%,25%,0%,N/A
"Beech Mountain Resort North Carolina, USALast Updated: 03/21Compare",3.290 Reviews,30%,40%,30%,0%,75ac
"Belleayre New York, USALast Updated: 04/07Compare",3.287 Reviews,22%,58%,10%,10%,N/A
"Berkshire East Massachusetts, USALast Updated: 04/02Compare",3.230 Reviews,29%,37%,24%,11%,N/A
,,,,,,
"Big Boulder Pennsylvania, USALast Updated: 03/27Compare",3.138 Reviews,38%,25%,38%,0%,N/A
"Big Powderhorn Mountain Michigan, USALast Updated: 03/21Compare",3.254 Reviews,27%,40%,31%,2%,N/A
"Big Sky Montana, USALast Updated: 04/19Compare",3.9138 Reviews,15%,25%,42%,18%,0ac
"Big Snow Resort - Blackjack Michigan, USALast Updated: 04/15Compare",3.220 Reviews,16%,32%,44%,8%,N/A
"Big Snow Resort - Indianhead Mountain Michigan, USALast Updated: 03/22Compare",3.3109 Reviews,20%,27%,40%,13%,N/A
,,,,,,
"Big Squaw Mountain Ski Resort Maine, USALast Updated: 03/21Compare",3.17 Reviews,33%,34%,33%,0%,N/A
"Bittersweet Ski Area Michigan, USALast Updated: 03/15Compare",3.244 Reviews,39%,39%,22%,0%,N/A
"Black Mountain New Hampshire, USALast Updated: 03/22Compare",3.115 Reviews,29%,35%,23%,13%,N/A
"Blacktail Mountain Ski Area Montana, USALast Updated: 04/17Compare",3.219 Reviews,15%,65%,20%,0%,N/A
"Blue Hills Ski Area Massachusetts, USALast Updated: 03/27Compare",3.112 Reviews,50%,19%,31%,0%,N/A
,,,,,,
"Blue Knob Pennsylvania, USALast Updated: 03/27Compare",3.246 Reviews,15%,41%,26%,18%,N/A
"Blue Mountain Resort Pennsylvania, USALast Updated: 04/04Compare",3.5189 Reviews,40%,15%,35%,10%,N/A
"Bluewood Washington, USALast Updated: 04/05Compare",3.126 Reviews,17%,45%,38%,0%,N/A
"Bogus Basin Idaho, USALast Updated: 04/21Compare",3.364 Reviews,10%,50%,28%,12%,0ac
"Bolton Valley Vermont, USALast Updated: 04/05Compare",3.145 Reviews,34%,38%,23%,6%,N/A
,,,,,,
"Boreal Mountain Resort California, USALast Updated: 04/21Compare",3.144 Reviews,26%,29%,44%,0%,N/A
"Boston Mills Ohio, USALast Updated: 03/16Compare",3.142 Reviews,20%,40%,40%,0%,N/A
"Bousquet Ski Area Massachusetts, USALast Updated: 03/22Compare",3.110 Reviews,9%,26%,22%,43%,N/A
"Boyne Highlands Michigan, USALast Updated: 04/04Compare",3.442 Reviews,36%,31%,31%,2%,N/A
"Boyne Mountain Resort Michigan, USALast Updated: 04/06Compare",3.345 Reviews,49%,28%,20%,3%,118ac
,,,,,,
"Bradford Ski Area Massachusetts, USALast Updated: 03/20Compare",3.19 Reviews,10%,80%,10%,0%,15ac
"Brandywine Ohio, USALast Updated: 03/15Compare",3.035 Reviews,27%,27%,46%,0%,N/A
"Brantling Ski Slopes New York, USALast Updated: 03/25Compare",2.716 Reviews,30%,40%,30%,0%,N/A
"Breckenridge Colorado, USALast Updated: 05/10Compare",3.9194 Reviews,13%,23%,36%,28%,861ac
"Bretton Woods New Hampshire, USALast Updated: 04/14Compare",3.584 Reviews,23%,28%,34%,15%,0ac
,,,,,,
"Brian Head Resort Utah, USALast Updated: 04/19Compare",3.470 Reviews,30%,35%,32%,3%,N/A
"Bridger Bowl Montana, USALast Updated: 04/04Compare",3.343 Reviews,12%,28%,18%,42%,2000ac
"Brighton Resort Utah, USALast Updated: 04/19Compare",3.568 Reviews,21%,39%,25%,15%,N/A
"Bristol Mountain New York, USALast Updated: 04/04Compare",3.261 Reviews,35%,45%,20%,0%,N/A
"Bromley Mountain Vermont, USALast Updated: 04/02Compare",3.231 Reviews,30%,36%,32%,2%,158ac
"Bruce Mound Wisconsin, USALast Updated: 03/25Compare",3.38 Reviews,17%,17%,50%,16%,N/A
"Brundage Mountain Resort Idaho, USALast Updated: 04/13Compare",3.228 Reviews,21%,33%,21%,25%,1920ac
"Bryce Resort Virginia, USALast Updated: 03/21Compare",3.025 Reviews,38%,50%,13%,0%,N/A
"Buck Hill Minnesota, USALast Updated: 03/23Compare",2.932 Reviews,34%,34%,16%,16%,N/A
"Buena Vista Ski Area Minnesota, USALast Updated: 04/05Compare",3.06 Reviews,20%,55%,25%,0%,N/A
"Buffalo Ski Club Ski Area New York, USALast Updated: 04/30Compare",3.13 Reviews,20%,46%,34%,,N/A
"Burke Mountain Vermont, USALast Updated: 04/04Compare",3.227 Reviews,9%,47%,30%,13%,N/A
"Caberfae Peaks Michigan, USALast Updated: 03/22Compare",3.151 Reviews,35%,32%,32%,0%,N/A
"Camden Snow Bowl Maine, USALast Updated: 03/29Compare",3.16 Reviews,20%,70%,10%,0%,N/A
"Camelback Mountain Resort Pennsylvania, USALast Updated: 04/03Compare",3.1170 Reviews,39%,26%,26%,9%,N/A
"Campgaw Mountain New Jersey, USALast Updated: 04/05Compare",3.026 Reviews,33%,33%,25%,8%,N/A
"Canaan Valley Resort West Virginia, USALast Updated: 04/04Compare",3.334 Reviews,19%,36%,43%,2%,N/A
"Cannon Mountain New Hampshire, USALast Updated: 04/12Compare",3.263 Reviews,14%,53%,33%,0%,0ac
"Cannonsburg Michigan, USALast Updated: 03/22Compare",3.162 Reviews,35%,50%,15%,0%,N/A
"Cascade Mountain Wisconsin, USALast Updated: 03/21Compare",3.262 Reviews,38%,40%,0%,21%,175ac
"Cataloochee Ski Area North Carolina, USALast Updated: 03/29Compare",3.176 Reviews,44%,39%,0%,17%,N/A
"Catamount New York, USALast Updated: 03/29Compare",3.256 Reviews,40%,35%,15%,10%,120ac
"Chestnut Mountain Resort Illinois, USALast Updated: 03/08Compare",3.236 Reviews,26%,58%,16%,0%,N/A
"Christie Mountain Wisconsin, USALast Updated: 03/21Compare",3.315 Reviews,37%,23%,30%,10%,30ac
"Christmas Mountain Wisconsin, USALast Updated: 04/05Compare",3.121 Reviews,40%,40%,20%,0%,N/A
"Coffee Mill Ski & Snowboard Resort Minnesota, USALast Updated: 03/25Compare",2.77 Reviews,35%,29%,7%,29%,N/A
"Cooper Colorado, USALast Updated: 04/18Compare",3.141 Reviews,17%,27%,31%,25%,400ac
"Cooper Spur Oregon, USALast Updated: 04/05Compare",3.012 Reviews,40%,60%,0%,0%,N/A
"Copper Mountain Colorado, USALast Updated: 04/27Compare",3.9146 Reviews,25%,24%,34%,17%,N/A
"Cranmore Mountain Resort New Hampshire, USALast Updated: 03/28Compare",3.126 Reviews,28%,44%,28%,0%,150ac
"Crested Butte Mountain Resort Colorado, USALast Updated: 04/19Compare",3.983 Reviews,14%,25%,25%,36%,0ac
"Crotched Mountain New Hampshire, USALast Updated: 03/28Compare",3.242 Reviews,26%,35%,39%,0%,N/A
"Crystal Mountain Washington, USALast Updated: 05/10Compare",3.2108 Reviews,8%,31%,32%,29%,0ac
"Crystal Mountain Michigan, USALast Updated: 04/05Compare",3.441 Reviews,28%,47%,26%,0%,N/A
"Dartmouth Skiway New Hampshire, USALast Updated: 03/28Compare",3.15 Reviews,21%,50%,25%,4%,N/A
"Deer Mountain Ski Resort South Dakota, USALast Updated: 12/18Compare",2.910 Reviews,29%,48%,24%,0%,N/A
"Deer Valley Resort Utah, USALast Updated: 04/14Compare",4.298 Reviews,27%,31%,10%,32%,0ac
"Devils Head Wisconsin, USALast Updated: 03/15Compare",3.293 Reviews,30%,17%,43%,9%,N/A
"Diamond Peak Nevada, USALast Updated: 04/19Compare",3.126 Reviews,18%,45%,36%,0%,0ac
"Discovery Ski Area Montana, USALast Updated: 04/05Compare",3.126 Reviews,20%,25%,25%,30%,N/A
"Dodge Ridge California, USALast Updated: 04/11Compare",3.269 Reviews,20%,40%,40%,0%,0ac
"Donner Ski Ranch California, USALast Updated: 04/12Compare",3.476 Reviews,31%,38%,21%,10%,N/A
"Dry Hill Ski Area New York, USALast Updated: 03/26Compare",2.712 Reviews,33%,34%,33%,0%,N/A
"Eagle Point Utah, USALast Updated: 04/05Compare",3.421 Reviews,20%,35%,45%,0%,N/A
"Eagle Rock Pennsylvania, USALast Updated: 03/29Compare",3.113 Reviews,50%,7%,43%,0%,N/A
"Eaglecrest Ski Area Alaska, USALast Updated: 04/19Compare",3.214 Reviews,32%,38%,30%,0%,N/A
"Eldora Mountain Resort Colorado, USALast Updated: 04/19Compare",3.180 Reviews,18%,43%,18%,20%,N/A
"Elk Mountain Ski Resort Pennsylvania, USALast Updated: 03/25Compare",3.3114 Reviews,22%,37%,41%,0%,N/A
"Elko SnoBowl Nevada, USALast Updated: 04/17Compare",2.23 Reviews,8%,90%,1%,1%,N/A
"Elm Creek Winter Recreation Area Minnesota, USALast Updated: 03/15Compare",3.32 Reviews,20%,60%,0%,20%,N/A
"Enchanted Forest Ski Area New Mexico, USALast Updated: 03/28Compare",2.86 Reviews,30%,50%,2%,18%,N/A
"Four Lakes Illinois, USALast Updated: 03/10Compare",2.915 Reviews,40%,30%,30%,0%,N/A
"Giants Ridge Resort Minnesota, USALast Updated: 04/05Compare",3.011 Reviews,30%,50%,20%,0%,190ac
"Gore Mountain New York, USALast Updated: 04/10Compare",3.382 Reviews,10%,50%,35%,5%,N/A
"Grand Geneva Wisconsin, USALast Updated: 03/15Compare",2.315 Reviews,40%,30%,20%,10%,N/A
"Grand Targhee Resort Wyoming, USALast Updated: 04/14Compare",3.766 Reviews,33%,37%,25%,5%,0ac
"Granite Peak Ski Area Wisconsin, USALast Updated: 04/05Compare",3.2106 Reviews,24%,24%,45%,7%,145ac
"Great Divide Montana, USALast Updated: 04/21Compare",3.126 Reviews,10%,45%,45%,0%,0ac
"Greek Peak New York, USALast Updated: 04/08Compare",3.154 Reviews,36%,29%,27%,9%,N/A
"Gunstock New Hampshire, USALast Updated: 04/04Compare",3.136 Reviews,15%,52%,31%,2%,111ac
"Heavenly California, USALast Updated: 04/19Compare",3.5156 Reviews,8%,62%,25%,5%,N/A
"Hidden Valley Ski Area Missouri, USALast Updated: 03/10Compare",3.028 Reviews,40%,47%,13%,0%,N/A
"Hilltop Ski Area Alaska, USALast Updated: 04/21Compare",3.06 Reviews,80%,10%,0%,10%,0ac
"Hogadon Basin Wyoming, USALast Updated: 04/07Compare",3.014 Reviews,7%,29%,39%,25%,92ac
"Holiday Mountain New York, USALast Updated: 03/25Compare",2.77 Reviews,30%,27%,31%,12%,N/A
"Holiday Valley New York, USALast Updated: 03/26Compare",3.369 Reviews,37%,25%,37%,2%,12ac
"Holimont Ski Area New York, USALast Updated: 04/13Compare",3.112 Reviews,25%,31%,44%,0%,69ac
"Homewood Mountain Resort California, USALast Updated: 04/14Compare",3.244 Reviews,13%,46%,36%,5%,0ac
"Hoodoo Ski Area Oregon, USALast Updated: 04/04Compare",3.231 Reviews,19%,42%,31%,8%,N/A
"Howelsen Hill Colorado, USALast Updated: 03/16Compare",3.06 Reviews,20%,30%,50%,0%,N/A
"Hunt Hollow Ski Club New York, USALast Updated: 03/29Compare",3.32 Reviews,32%,21%,37%,11%,N/A
"Hunter Mountain New York, USALast Updated: 04/12Compare",3.0118 Reviews,25%,30%,30%,15%,N/A
"Hyland Ski & Snowboard Area Minnesota, USALast Updated: 03/15Compare",2.821 Reviews,27%,36%,36%,0%,N/A
"Jack Frost Pennsylvania, USALast Updated: 04/03Compare",3.251 Reviews,22%,39%,39%,0%,N/A
"Jackson Hole Wyoming, USALast Updated: 04/14Compare",4.1110 Reviews,4%,38%,42%,16%,N/A
"Jay Peak Vermont, USALast Updated: 05/03Compare",3.4134 Reviews,26%,50%,24%,0%,N/A
"Jiminy Peak Massachusetts, USALast Updated: 03/27Compare",3.586 Reviews,51%,29%,13%,7%,107ac
"June Mountain California, USALast Updated: 04/14Compare",3.227 Reviews,16%,40%,28%,16%,0ac
"Kelly Canyon Ski Area Idaho, USALast Updated: 03/21Compare",3.112 Reviews,35%,45%,20%,0%,N/A
"Keystone Colorado, USALast Updated: 04/12Compare",4.2139 Reviews,16%,43%,41%,0%,0ac
"Killington Resort Vermont, USALast Updated: 05/10Compare",3.6214 Reviews,28%,33%,24%,15%,37ac
"King Pine New Hampshire, USALast Updated: 03/27Compare",2.811 Reviews,44%,31%,10%,15%,N/A
"Kirkwood California, USALast Updated: 04/14Compare",3.6101 Reviews,12%,30%,38%,20%,0ac
"Kissing Bridge New York, USALast Updated: 03/26Compare",3.021 Reviews,20%,50%,30%,0%,N/A
"Labrador Mt. New York, USALast Updated: 03/23Compare",2.915 Reviews,33%,34%,33%,0%,N/A
"Lee Canyon Nevada, USALast Updated: 04/21Compare",3.154 Reviews,,,,,N/A
"Liberty Pennsylvania, USALast Updated: 03/21Compare",3.175 Reviews,33%,38%,14%,14%,N/A
"Little Switzerland Wisconsin, USALast Updated: 03/21Compare",2.74 Reviews,39%,33%,0%,28%,50ac
"Lookout Pass Ski Area Idaho, USALast Updated: 04/18Compare",3.269 Reviews,13%,47%,32%,8%,460ac
"Loon Mountain New Hampshire, USALast Updated: 04/20Compare",3.683 Reviews,20%,60%,17%,3%,0ac
"Lost Trail - Powder Mtn Montana, USALast Updated: 04/05Compare",3.027 Reviews,20%,60%,20%,0%,1800ac
"Lost Valley Maine, USALast Updated: 03/22Compare",2.64 Reviews,26%,29%,26%,19%,45ac
"Loveland Colorado, USALast Updated: 05/09Compare",3.3103 Reviews,13%,41%,20%,26%,1382ac
"Lutsen Mountains Minnesota, USALast Updated: 04/14Compare",3.381 Reviews,10%,58%,24%,8%,N/A
"Mad River Glen Vermont, USALast Updated: 04/03Compare",3.228 Reviews,20%,35%,45%,0%,N/A
"Mad River Mountain Ohio, USALast Updated: 03/16Compare",3.273 Reviews,33%,19%,47%,2%,N/A
"Magic Mountain Vermont, USALast Updated: 04/03Compare",3.338 Reviews,22%,32%,18%,28%,N/A
"Magic Mountain Ski Area Idaho, USALast Updated: 04/05Compare",3.114 Reviews,25%,25%,20%,30%,N/A
"Mammoth Mountain California, USALast Updated: 05/10Compare",3.8140 Reviews,15%,48%,24%,13%,2000ac
"Maple Ski Ridge New York, USALast Updated: 03/27Compare",3.15 Reviews,11%,44%,44%,0%,N/A
"Marquette Mountain Michigan, USALast Updated: 03/26Compare",3.221 Reviews,15%,50%,35%,0%,N/A
"Massanutten Virginia, USALast Updated: 04/04Compare",3.342 Reviews,33%,42%,25%,0%,N/A
"Maverick Mountain Montana, USALast Updated: 04/17Compare",3.15 Reviews,30%,40%,30%,0%,N/A
"McCauley Mountain Ski Center New York, USALast Updated: 03/29Compare",3.214 Reviews,26%,43%,30%,0%,N/A
"Meadowlark Ski Lodge Wyoming, USALast Updated: 04/04Compare",3.15 Reviews,30%,30%,20%,20%,300ac
"Mission Ridge Washington, USALast Updated: 04/27Compare",3.244 Reviews,,,,,N/A
"Mohawk Mountain Connecticut, USALast Updated: 03/30Compare",3.248 Reviews,30%,50%,20%,0%,N/A
"Monarch Mountain Colorado, USALast Updated: 04/11Compare",3.470 Reviews,23%,27%,38%,13%,0ac
"Mont Ripley Michigan, USALast Updated: 03/27Compare",2.76 Reviews,21%,29%,42%,8%,N/A
"Montage Mountain Pennsylvania, USALast Updated: 03/29Compare",3.4140 Reviews,35%,30%,20%,15%,140ac
"Montana Snowbowl Montana, USALast Updated: 04/17Compare",3.223 Reviews,20%,40%,40%,0%,N/A
"Mount Bohemia Michigan, USALast Updated: 04/04Compare",3.744 Reviews,0%,2%,8%,90%,550ac
"Mount Holly Michigan, USALast Updated: 03/27Compare",3.226 Reviews,30%,50%,20%,0%,N/A
"Mount Kato Ski Area Minnesota, USALast Updated: 03/15Compare",3.011 Reviews,21%,42%,37%,0%,N/A
"Mount La Crosse Wisconsin, USALast Updated: 03/08Compare",3.017 Reviews,30%,20%,40%,10%,N/A
"Mount Peter Ski Area New York, USALast Updated: 03/25Compare",3.250 Reviews,39%,33%,28%,0%,N/A
"Mount Pleasant of Edinboro Pennsylvania, USALast Updated: 03/17Compare",3.35 Reviews,22%,56%,22%,0%,N/A
"Mount Snow Vermont, USALast Updated: 04/19Compare",3.4150 Reviews,16%,67%,16%,1%,0ac
"Mount Southington Ski Area Connecticut, USALast Updated: 03/28Compare",3.134 Reviews,43%,43%,14%,0%,0ac
"Mount Sunapee New Hampshire, USALast Updated: 04/12Compare",3.181 Reviews,30%,46%,11%,13%,N/A
"Mountain Creek Resort New Jersey, USALast Updated: 03/28Compare",2.8162 Reviews,24%,46%,30%,0%,0ac
"Mountain High California, USALast Updated: 04/12Compare",3.183 Reviews,20%,42%,34%,3%,150ac
"Mt. Abram Ski Resort Maine, USALast Updated: 03/28Compare",3.219 Reviews,19%,41%,26%,15%,N/A
"Mt. Ashland Oregon, USALast Updated: 04/21Compare",3.220 Reviews,11%,41%,36%,11%,0ac
"Mt. Bachelor Oregon, USALast Updated: 05/10Compare",3.298 Reviews,19%,55%,22%,3%,1500ac
"Mt. Baker Washington, USALast Updated: 05/04Compare",3.388 Reviews,24%,45%,0%,31%,0ac
"Mt. Baldy California, USALast Updated: 04/04Compare",3.173 Reviews,20%,40%,20%,20%,N/A
"Mt. Brighton Michigan, USALast Updated: 03/27Compare",3.033 Reviews,24%,44%,24%,8%,N/A
"Mt. Crescent Ski Area Iowa, USALast Updated: 03/25Compare",2.823 Reviews,18%,45%,27%,9%,N/A
"Mt. Holiday Ski Area Michigan, USALast Updated: 03/25Compare",3.18 Reviews,30%,40%,30%,0%,N/A
"Mt. Hood Meadows Oregon, USALast Updated: 05/03Compare",3.398 Reviews,15%,50%,20%,15%,0ac
"Mt. Hood Skibowl Oregon, USALast Updated: 04/27Compare",3.338 Reviews,20%,40%,25%,15%,N/A
"Mt. Jefferson Maine, USALast Updated: 04/05Compare",2.03 Reviews,33%,34%,33%,0%,N/A
"Mt. Rose - Ski Tahoe Nevada, USALast Updated: 04/19Compare",3.344 Reviews,20%,30%,40%,10%,N/A
"Mt. Shasta Ski Park California, USALast Updated: 04/12Compare",3.127 Reviews,20%,55%,25%,0%,415ac
"Mt. Spokane Ski and Snowboard Park Washington, USALast Updated: 04/17Compare",3.024 Reviews,23%,62%,15%,0%,N/A
"Mulligan's Hollow Ski Bowl Michigan, USALast Updated: 03/25Compare",00 Reviews,25%,25%,25%,25%,N/A
"Nashoba Valley Massachusetts, USALast Updated: 04/03Compare",3.020 Reviews,24%,47%,29%,0%,N/A
"New Hermon Mountain Maine, USALast Updated: 03/26Compare",2.68 Reviews,40%,30%,30%,0%,N/A
"Nordic Mountain Wisconsin, USALast Updated: 03/21Compare",3.121 Reviews,28%,28%,33%,11%,60ac
"Nordic Valley Resort Utah, USALast Updated: 04/04Compare",3.312 Reviews,36%,22%,36%,6%,N/A
"Northstar California California, USALast Updated: 04/19Compare",3.698 Reviews,13%,60%,27%,0%,N/A
"Norway Mountain Michigan, USALast Updated: 01/03Compare",3.218 Reviews,6%,33%,33%,28%,N/A
"Nubs Nob Ski Area Michigan, USALast Updated: 04/04Compare",3.250 Reviews,30%,50%,20%,0%,N/A
"Oak Mountain New York, USALast Updated: 03/22Compare",01 Reviews,45%,27%,18%,9%,N/A
"Ober Gatlinburg Ski Resort Tennessee, USALast Updated: 03/29Compare",3.048 Reviews,20%,60%,20%,0%,N/A
"Okemo Mountain Resort Vermont, USALast Updated: 04/04Compare",3.8138 Reviews,33%,38%,21%,9%,384ac
"Otis Ridge Ski Area Massachusetts, USALast Updated: 03/22Compare",2.87 Reviews,30%,40%,30%,0%,N/A
"Pajarito Mountain Ski Area New Mexico, USALast Updated: 03/26Compare",3.129 Reviews,20%,50%,30%,0%,N/A
"Paoli Peaks Indiana, USALast Updated: 03/08Compare",3.134 Reviews,47%,33%,13%,7%,N/A
"Park City Utah, USALast Updated: 04/12Compare",3.8151 Reviews,8%,41%,28%,23%,5022ac
"Pats Peak New Hampshire, USALast Updated: 03/29Compare",3.245 Reviews,50%,21%,11%,18%,110ac
"Pebble Creek Ski Area Idaho, USALast Updated: 04/05Compare",3.228 Reviews,12%,35%,43%,10%,N/A
"Peek'n Peak New York, USALast Updated: 03/28Compare",3.363 Reviews,30%,45%,15%,10%,N/A
"Perfect North Slopes Indiana, USALast Updated: 03/14Compare",3.277 Reviews,20%,50%,20%,10%,N/A
"Pico Mountain  Vermont, USALast Updated: 04/04Compare",3.433 Reviews,16%,44%,36%,3%,190ac
"Pine Knob Ski Resort Michigan, USALast Updated: 03/17Compare",3.115 Reviews,20%,20%,40%,20%,N/A
"Pine Mountain Michigan, USALast Updated: 03/28Compare",3.450 Reviews,100%,0%,0%,0%,N/A
"Plattekill Mountain New York, USALast Updated: 03/29Compare",3.232 Reviews,20%,40%,20%,20%,N/A
"Pomerelle Mountain Resort Idaho, USALast Updated: 04/04Compare",3.130 Reviews,40%,40%,20%,0%,N/A
"Powder Mountain Utah, USALast Updated: 04/14Compare",3.383 Reviews,25%,40%,35%,0%,2000ac
"Powder Ridge Park Connecticut, USALast Updated: 03/26Compare",3.34 Reviews,45%,40%,15%,0%,N/A
"Powder Ridge Ski Area Minnesota, USALast Updated: 03/15Compare",3.28 Reviews,45%,40%,15%,0%,N/A
"Powderhorn Colorado, USALast Updated: 04/04Compare",3.233 Reviews,16%,30%,50%,4%,N/A
"Purgatory Colorado, USALast Updated: 04/21Compare",3.699 Reviews,22%,35%,30%,13%,0ac
"Ragged Mountain Resort New Hampshire, USALast Updated: 04/05Compare",3.153 Reviews,30%,26%,37%,7%,N/A
"Red Lodge Mountain Montana, USALast Updated: 04/21Compare",3.239 Reviews,19%,25%,36%,20%,0ac
"Red River New Mexico, USALast Updated: 03/21Compare",3.283 Reviews,31%,31%,38%,0%,N/A
"Roundtop Mountain Resort Pennsylvania, USALast Updated: 03/21Compare",3.151 Reviews,26%,32%,32%,11%,N/A
"Royal Mountain Ski Area New York, USALast Updated: 04/05Compare",3.110 Reviews,33%,34%,33%,0%,N/A
"Sandia Peak New Mexico, USALast Updated: 03/25Compare",3.027 Reviews,23%,49%,29%,0%,0ac
"Sapphire Valley North Carolina, USALast Updated: 03/08Compare",3.07 Reviews,50%,50%,0%,0%,N/A
"Schuss Mountain at Shanty Creek Michigan, USALast Updated: 03/22Compare",3.160 Reviews,36%,29%,36%,0%,60ac
"Schweitzer Idaho, USALast Updated: 04/11Compare",3.175 Reviews,10%,40%,35%,15%,2900ac
"Seven Oaks Iowa, USALast Updated: 03/08Compare",2.94 Reviews,25%,50%,25%,0%,N/A
"Seven Springs Pennsylvania, USALast Updated: 04/03Compare",3.1144 Reviews,36%,42%,18%,3%,N/A
"Shawnee Mountain Ski Area Pennsylvania, USALast Updated: 03/30Compare",3.139 Reviews,26%,48%,26%,0%,0ac
"Shawnee Peak Maine, USALast Updated: 04/04Compare",3.026 Reviews,25%,45%,20%,10%,N/A
"Showdown Montana Montana, USALast Updated: 04/06Compare",3.111 Reviews,28%,44%,28%,0%,N/A
"Sierra-at-Tahoe California, USALast Updated: 04/12Compare",3.557 Reviews,25%,50%,25%,0%,0ac
"Silver Mountain Idaho, USALast Updated: 04/21Compare",3.278 Reviews,20%,40%,30%,10%,N/A
"Silverton Mountain Colorado, USALast Updated: 04/21Compare",3.255 Reviews,0%,0%,0%,100%,0ac
"Sipapu Ski Resort New Mexico, USALast Updated: 04/04Compare",3.251 Reviews,20%,40%,30%,10%,0ac
"Ski Apache New Mexico, USALast Updated: 03/27Compare",3.2180 Reviews,53%,41%,6%,0%,N/A
"Ski Big Bear Pennsylvania, USALast Updated: 03/21Compare",3.130 Reviews,33%,28%,33%,6%,N/A
"Ski Blandford Massachusetts, USALast Updated: 02/14Compare",2.713 Reviews,40%,50%,10%,0%,N/A
"Ski Brule Michigan, USALast Updated: 03/07Compare",4.41309 Reviews,35%,35%,24%,6%,0ac
"Ski Butternut Massachusetts, USALast Updated: 03/28Compare",3.162 Reviews,36%,36%,27%,0%,95ac
"Ski China Peak California, USALast Updated: 04/12Compare",3.259 Reviews,11%,28%,33%,28%,1400ac
"Ski Granby Ranch Colorado, USALast Updated: 04/14Compare",3.252 Reviews,37%,37%,2%,24%,0ac
"Ski Santa Fe New Mexico, USALast Updated: 04/04Compare",3.2100 Reviews,16%,32%,47%,5%,N/A
"Ski Sawmill Pennsylvania, USALast Updated: 03/29Compare",3.216 Reviews,38%,23%,38%,0%,N/A
"Ski Snowstar Winter Sports Park Illinois, USALast Updated: 03/08Compare",2.815 Reviews,13%,20%,27%,40%,N/A
"Ski Sundown Connecticut, USALast Updated: 03/30Compare",3.234 Reviews,50%,25%,19%,6%,N/A
"Ski Ward Massachusetts, USALast Updated: 03/25Compare",2.64 Reviews,33%,33%,0%,33%,N/A
"Sleeping Giant Ski Resort Wyoming, USALast Updated: 04/04Compare",3.35 Reviews,15%,38%,35%,13%,184ac
"Smugglers' Notch Resort Vermont, USALast Updated: 04/10Compare",3.382 Reviews,17%,53%,26%,5%,150ac
"Snow Creek Missouri, USALast Updated: 03/25Compare",2.926 Reviews,33%,58%,8%,0%,0ac
"Snow King Mountain Wyoming, USALast Updated: 03/28Compare",3.011 Reviews,18%,24%,41%,18%,N/A
"Snow Ridge New York, USALast Updated: 04/04Compare",2.69 Reviews,8%,33%,58%,0%,N/A
"Snow Snake Mountain Ski Area Michigan, USALast Updated: 03/19Compare",2.74 Reviews,30%,50%,20%,0%,N/A
"Snow Summit California, USALast Updated: 04/12Compare",3.255 Reviews,19%,48%,26%,7%,N/A
"Snow Trails Ohio, USALast Updated: 03/22Compare",3.026 Reviews,16%,47%,37%,0%,N/A
"Snow Valley California, USALast Updated: 04/19Compare",3.156 Reviews,13%,41%,34%,13%,N/A
"Snowbasin Utah, USALast Updated: 04/14Compare",3.691 Reviews,7%,37%,47%,9%,0ac
"Snowbird Utah, USALast Updated: 05/10Compare",4.0150 Reviews,8%,25%,43%,24%,N/A
"Snowshoe Mountain West Virginia, USALast Updated: 04/04Compare",3.2145 Reviews,40%,33%,25%,2%,N/A
"Snowy Range Ski & Recreation Area Wyoming, USALast Updated: 04/14Compare",3.237 Reviews,30%,40%,30%,0%,0ac
"Soda Springs California, USALast Updated: 04/21Compare",3.019 Reviews,53%,16%,32%,0%,N/A
"Soldier Mountain Ski Area Idaho, USALast Updated: 03/21Compare",3.014 Reviews,20%,50%,10%,20%,1142ac
"Solitude Mountain Resort Utah, USALast Updated: 04/19Compare",3.481 Reviews,6%,43%,30%,21%,N/A
"Song Mountain New York, USALast Updated: 04/05Compare",2.69 Reviews,50%,29%,13%,8%,N/A
"Spirit Mountain Minnesota, USALast Updated: 03/26Compare",3.034 Reviews,32%,41%,27%,0%,N/A
"Spout Springs Oregon, USALast Updated: 01/23Compare",2.95 Reviews,45%,35%,20%,0%,N/A
"Spring Mountain Ski Area Pennsylvania, USALast Updated: 03/28Compare",3.060 Reviews,37%,50%,13%,0%,N/A
"Squaw Valley Alpine Meadows California, USALast Updated: 05/10Compare",3.6109 Reviews,25%,42%,33%,0%,1500ac
"Steamboat Colorado, USALast Updated: 04/14Compare",4.0159 Reviews,14%,42%,44%,,0ac
"Stevens Pass Resort Washington, USALast Updated: 04/19Compare",3.2116 Reviews,8%,45%,28%,19%,N/A
"Stowe Mountain Vermont, USALast Updated: 04/20Compare",3.4102 Reviews,16%,55%,15%,15%,0ac
"Stratton Mountain Vermont, USALast Updated: 04/13Compare",3.2114 Reviews,41%,31%,17%,11%,166ac
"Sugar Bowl Resort California, USALast Updated: 04/19Compare",3.444 Reviews,15%,45%,28%,12%,N/A
"Sugar Mountain Resort North Carolina, USALast Updated: 03/30Compare",3.0139 Reviews,33%,52%,10%,5%,N/A
"Sugarbush Vermont, USALast Updated: 05/03Compare",3.493 Reviews,23%,42%,27%,7%,N/A
"Sugarloaf Maine, USALast Updated: 04/27Compare",3.260 Reviews,22%,32%,26%,20%,N/A
"Suicide Six Vermont, USALast Updated: 03/21Compare",3.212 Reviews,30%,40%,30%,0%,100ac
"Sun Valley Idaho, USALast Updated: 04/12Compare",3.960 Reviews,36%,42%,20%,2%,N/A
"Sunburst Wisconsin, USALast Updated: 03/15Compare",2.727 Reviews,18%,55%,18%,9%,N/A
"Sundance Utah, USALast Updated: 04/10Compare",3.438 Reviews,35%,45%,19%,1%,N/A
"Sunday River Maine, USALast Updated: 04/25Compare",3.396 Reviews,30%,36%,18%,16%,0ac
"Sundown Mountain Iowa, USALast Updated: 03/08Compare",3.123 Reviews,30%,60%,0%,10%,N/A
"Sunlight Mountain Resort Colorado, USALast Updated: 04/04Compare",3.129 Reviews,17%,29%,17%,38%,N/A
"Sunrise Park Resort Arizona, USALast Updated: 03/27Compare",3.2118 Reviews,48%,28%,19%,6%,N/A
"Swain New York, USALast Updated: 03/30Compare",3.114 Reviews,31%,37%,31%,0%,N/A
"Swiss Valley Michigan, USALast Updated: 03/27Compare",3.021 Reviews,36%,36%,27%,0%,N/A
"Tahoe Donner California, USALast Updated: 04/11Compare",3.221 Reviews,40%,50%,10%,0%,N/A
"Tamarack Resort Idaho, USALast Updated: 04/04Compare",3.560 Reviews,21%,35%,44%,0%,1100ac
"Taos Ski Valley New Mexico, USALast Updated: 04/04Compare",4.0142 Reviews,14%,16%,30%,40%,N/A
"Telluride Colorado, USALast Updated: 04/05Compare",4.3110 Reviews,16%,30%,21%,34%,N/A
"Terry Peak Ski Area South Dakota, USALast Updated: 04/04Compare",3.119 Reviews,20%,50%,15%,15%,0ac
"Teton Pass Ski Resort Montana, USALast Updated: 04/17Compare",2.95 Reviews,15%,35%,40%,10%,N/A
"The Homestead Michigan, USALast Updated: 03/15Compare",3.13 Reviews,27%,47%,27%,0%,N/A
"The Omni Homestead Resort Virginia, USALast Updated: 03/25Compare",2.76 Reviews,30%,60%,10%,0%,N/A
"The Summit at Snoqualmie Washington, USALast Updated: 05/03Compare",3.054 Reviews,15%,40%,45%,0%,N/A
"Thunder Ridge New York, USALast Updated: 04/03Compare",3.132 Reviews,40%,40%,20%,0%,N/A
"Timber Ridge Michigan, USALast Updated: 03/15Compare",3.024 Reviews,40%,47%,13%,0%,N/A
"Timberline Lodge Oregon, USALast Updated: 05/10Compare",2.936 Reviews,25%,50%,25%,0%,N/A
"Timberline Mountain West Virginia, USALast Updated: 04/04Compare",3.269 Reviews,50%,18%,23%,9%,90ac
"Titus Mountain New York, USALast Updated: 04/05Compare",3.121 Reviews,34%,38%,22%,6%,N/A
"Toggenburg Mountain New York, USALast Updated: 03/23Compare",2.913 Reviews,33%,33%,34%,0%,N/A
"Treetops Resort Michigan, USALast Updated: 03/17Compare",2.65 Reviews,17%,43%,39%,0%,N/A
"Trollhaugen Wisconsin, USALast Updated: 03/29Compare",3.118 Reviews,29%,38%,33%,0%,N/A
"Tussey Mountain Pennsylvania, USALast Updated: 03/25Compare",3.014 Reviews,27%,53%,20%,0%,N/A
"Tyrol Basin Wisconsin, USALast Updated: 03/22Compare",2.932 Reviews,33%,28%,33%,6%,N/A
"Vail Colorado, USALast Updated: 05/03Compare",3.9210 Reviews,19%,29%,48%,4%,861ac
"Villa Olivia Illinois, USALast Updated: 03/27Compare",3.025 Reviews,40%,40%,10%,10%,N/A
"Wachusett Mountain Ski Area Massachusetts, USALast Updated: 04/04Compare",3.278 Reviews,19%,63%,19%,0%,121ac
"Waterville Valley New Hampshire, USALast Updated: 04/12Compare",3.350 Reviews,16%,56%,24%,3%,N/A
"Welch Village Minnesota, USALast Updated: 03/21Compare",3.241 Reviews,31%,50%,15%,4%,N/A
"West Mountain New York, USALast Updated: 04/05Compare",3.029 Reviews,36%,55%,9%,0%,N/A
"Whaleback Mountain New Hampshire, USALast Updated: 03/26Compare",3.17 Reviews,23%,41%,23%,13%,N/A
"White Pass Washington, USALast Updated: 04/27Compare",3.354 Reviews,20%,60%,20%,0%,N/A
"White Pine Ski Area Wyoming, USALast Updated: 03/30Compare",2.36 Reviews,28%,32%,40%,0%,N/A
"Whitecap Mountain Wisconsin, USALast Updated: 03/16Compare",3.251 Reviews,33%,28%,28%,12%,N/A
"Whiteface Mountain Resort New York, USALast Updated: 04/10Compare",3.280 Reviews,24%,44%,33%,0%,N/A
"Whitefish Mountain Resort Montana, USALast Updated: 04/14Compare",3.286 Reviews,12%,38%,44%,6%,0ac
"Whitetail Resort Pennsylvania, USALast Updated: 03/21Compare",3.269 Reviews,29%,52%,10%,10%,N/A
"Wild Mountain Ski & Snowboard Area Minnesota, USALast Updated: 04/01Compare",2.925 Reviews,31%,35%,31%,4%,100ac
"Wildcat Mountain New Hampshire, USALast Updated: 04/12Compare",3.234 Reviews,21%,46%,33%,0%,N/A
"Willamette Pass Oregon, USALast Updated: 04/12Compare",3.347 Reviews,21%,45%,10%,24%,N/A
"Willard Mountain New York, USALast Updated: 03/25Compare",3.08 Reviews,30%,40%,30%,0%,N/A
"Wilmot Mountain Wisconsin, USALast Updated: 03/27Compare",3.151 Reviews,33%,33%,33%,0%,N/A
"Windham Mountain New York, USALast Updated: 04/04Compare",3.357 Reviews,20%,48%,19%,13%,0ac
"Winter Park Colorado, USALast Updated: 05/10Compare",3.5195 Reviews,24%,22%,50%,4%,887ac
"Wintergreen Resort Virginia, USALast Updated: 04/03Compare",3.273 Reviews,23%,35%,42%,0%,124ac
"Winterplace Ski Resort West Virginia, USALast Updated: 03/19Compare",3.054 Reviews,37%,40%,23%,0%,N/A
"Wisp Maryland, USALast Updated: 04/04Compare",3.170 Reviews,27%,42%,30%,0%,N/A
"Wolf Creek Ski Area Colorado, USALast Updated: 04/04Compare",3.4164 Reviews,20%,35%,25%,20%,1600ac
"Wolf Ridge Ski Resort North Carolina, USALast Updated: 03/09Compare",3.031 Reviews,27%,60%,13%,0%,N/A
"Woodbury Ski Area Connecticut, USALast Updated: 02/14Compare",2.216 Reviews,25%,25%,25%,25%,N/A
"Woods Valley Ski Area New York, USALast Updated: 04/05Compare",2.910 Reviews,20%,60%,20%,0%,N/A
"Yawgoo Valley Rhode Island, USALast Updated: 03/15Compare",3.25 Reviews,30%,40%,30%,0%,N/A
"Yosemite Ski & Snowboard Area California, USALast Updated: 02/14Compare",3.219 Reviews,35%,50%,15%,0%,N/A
